기업명,신규채용,이직 및 퇴직,여성 근로자 (합),교육 시간,사회 공헌 및 투자,산업재해,사회
HL홀딩스,0.102564103,0.021367521,0.196581197,35.8974359,688034,0,B+
HL홀딩스(2021년),0.145098039,0.050980392,0.196078431,34.65490196,478431,0,A+
HL홀딩스(2022년),0.134328358,0.048507463,0.186567164,44.17164179,1003731,0,A
BGF리테일,0.093667046,0.060295791,0.276450512,365.8134243,481608,0.001896094,A
BGF리테일(2021년),0.112670986,0.076673866,0.264578834,417.1576674,334773,0.000719942,A+
BGF리테일(2022년),0.137720488,0.101424695,0.280529172,496.5264586,317503,0.000339213,A+
CJ제일제당,0.152053124,0.084428784,0.25952026,52.88169129,2713105,0.001084158,A+
CJ제일제당(2021년),0.102962475,0.066227781,0.273469388,58.9640553,2452930,0.00118499,A+
CJ제일제당(2022년),0.216159882,0.143207455,0.277832271,39.52574792,2282982,0.002452182,A
CJ헬스케어,0.248667851,0.168738899,0.320603908,63.59502664,5746004,0,B+
CJ헬스케어(2021년),0.228346457,0.17847769,0.343832021,64.94225722,1592301,0,C
CJ헬스케어(2022년),0.307119205,0.20281457,0.375827815,66.79801325,2806291,0,B+
DB하이텍,0.060636183,0.050198807,0.477137177,21,2982,0.0015,A
DB하이텍(2021년),0.065750736,0.053974485,0.4828263,21,196271,0.0015,A
DB하이텍(2022년),0.049210771,0.056638812,0.463788301,20,4735376,0.000994893,B+
DGB금융지주,0.021656051,0.112951168,0.101910828,3.126326964,239915,0.000212314,A+
DGB금융지주(2021년),0.023014721,0.08521667,0.106572673,3.062201949,325524,0,A+
DGB금융지주(2022년),0.032477947,0.079190056,0.126503609,2.900761828,421010,0,A+
DL이엔씨,0.012932605,0.176320583,0.13442623,41.94590164,1366120,0.000182149,B+
DL이엔씨(2021년),0.019930518,0.138233681,0.143536295,31.47705248,1097093,0.000182849,A+
DL이엔씨(2022년),0.070112681,0.164192452,0.145233411,33.47755321,1484529,0.000894294,A
ESR켄달스퀘어리츠(2021년),0.466666667,0.066666667,0.333333333,14.46666667,0,0,
ESR켄달스퀘어리츠(2022년),0.210526316,0,0.315789474,73.42105263,789474,0,
GS리테일,0.03361586,0.076425801,0.513001006,24.1068812,430973,0.002585835,B+
GS리테일(2021년),0.079638124,0.075942915,0.488149847,38.6729103,484200,0.004077472,A
GS리테일(2022년),0.116713591,0.084463783,0.454312772,31.89275659,614282,0.00447914,A
HDC현대산업개발,0.17905824,0.310408922,0.125774473,15.86555143,828377,0,C
HDC현대산업개발(2021년),0.25203252,0.220092915,0.135307782,30.17363531,1492451,0,C
HDC현대산업개발(2022년),0.259880888,0.305901462,0.140768814,36.88738495,2134813,0.002587981,C
HD현대건설기계,0.01910828,0.017,0.08846426,23.51592357,99080,0.01059448,A
HD현대건설기계(2021년),0.068466096,0.03,0.084924292,10.77485188,125082,0.004599737,A+
HD현대건설기계(2022년),0.057664234,0.029,0.078832117,13.02846715,262774,0.009,A
HD현대에너지솔루션,0.028846154,0.25,0.134615385,14.42307692,192308,0,
HD현대에너지솔루션(2021년),0.107981221,0.323943662,0.187793427,13.52112676,9201878,0,A+
HD현대에너지솔루션(2022년),0.129032258,0.177419355,0.177419355,14.22580645,645161,0,A+
HD현대인프라코어,0.008240774,0.022407023,0.085990684,37.6,3192404,0.005696883,A+
HD현대인프라코어(2021년),0.01126364,0.032341077,0.080253432,46.6,2548398,0.008799718,A+
HD현대인프라코어(2022년),0.067283731,0.057541118,0.074403702,41.9,373799,0.010679957,A
HD현대일렉트릭,0.013333333,0.104761905,0.068571429,9.84,365238,0.001428571,A+
HD현대일렉트릭(2021년),0.030160226,0.025918944,0.06927427,6.09,336475,0.001413761,A+
HD현대일렉트릭(2022년),0.04462572,0.059980806,0.091650672,8.3,503359,0.001439539,A
HL D&I,0.191897655,0.109808102,0.07782516,14.69296375,1321962,0.037313433,B+
HL D&I(2021년),0.219251337,0.214973262,0.085561497,23.36791444,1807487,0.064171123,B+
HL D&I(2022년),0.248440748,0.232848233,0.079002079,26.46257796,259875,0.071725572,A
HL만도,0.024747475,0.017929293,0.074747475,76.11565657,183081,0.003535354,A+
HL만도(2021년),0.022969647,0.598851518,0.115668581,25.78178835,368335,0.004648619,A+
HL만도(2022년),0.075912017,1.047478541,0.197424893,27.09146996,554989,0.030042919,A
LG이노텍,0.476922092,0.032520325,0.264003585,19.40695218,191409,0,A+
LG이노텍(2021년),0.689480152,0.027194529,0.264518887,31.83843565,222792,0,A+
LG이노텍(2022년),0.7243547,0.036908277,0.260262882,38.33593676,349081,0,A+
LG전자,0.178372721,0.158734094,0.202748857,63.9130433,77122,0,A+
LG전자(2021년),0.154790391,0.131889524,0.205999649,48.77387895,187911,0,A+
LG전자(2022년),0.255389521,0.275326797,0.208386043,154.8027778,359741,0,A+
LG화학,0.092893563,0.021510516,0.137507967,33.89260676,1202996,0.000239006,A
LG화학(2021년),0.225801812,0.02200489,0.140946354,40.81720121,1164965,0.00050338,A
LG화학(2022년),0.181924238,0.023606917,0.152072468,34.77923415,1489157,0.0000686,A
NAVER,0.170606873,0.032415306,0.356812089,15.36965635,755545,0.000974896,B+
NAVER(2021년),0.178449744,0.052597956,0.36818569,8.8245954,685690,0.000212947,A
NAVER(2022년),0.120693129,0.056417489,0.391295587,9.745879508,791860,0.000402982,A
OCI홀딩스,0.021511018,0.353620147,0.048268625,37.5136936,59286,0.000524659,A+
OCI홀딩스(2021년),0.089963599,0.076443058,0.052522101,35.12896516,56162,0.002080083,A+
OCI홀딩스(2022년),0.00913242,0.070015221,0.057838661,43.90887874,57839,0.00304414,A
SGC에너지(2021년),0.113207547,0.033018868,0.188679245,26.45754717,325472,0.004716981,A
SGC에너지(2022년),0.082568807,0.04587156,0.197247706,17.37155963,298165,0.018348624,A
SKC,0.092034029,0.068832173,0.098607889,44.3,502707,0.005027069,A+
SKC(2021년),0.130015432,0.099151235,0.109953704,37,694444,0.00617284,A+
SKC(2022년),0.147208122,0.09035533,0.144670051,32.87106599,1157360,0.009137056,A+
SK가스,0.189873418,0.073839662,0.021097046,51.1,14367089,0.004219409,A+
SK가스(2021년),0.226345083,0.120593692,0.020408163,77.7,9628942,0.003710575,A+
SK가스(2022년),0.222789116,0.096938776,0.017006803,66.3,14965986,0.00170068,A+
SK네트웍스,0.07987048,0.220183486,0.356179169,82.31948192,720993,0,A+
SK네트웍스(2021년),0.030056356,0.172824045,0.343143394,64.32435817,843456,0,A+
SK네트웍스(2022년),0.145299145,0.15018315,0.363858364,21.67521368,306349,0,A+
SK렌터카,0.051839465,0.036789298,0.204013378,159.2892977,0,0,C
SK렌터카(2021년),0.111282844,0.046367852,0.227202473,97.92890263,13910,0,A+
SK렌터카(2022년),0.069018405,0.039877301,0.234662577,58.56441718,1636503,0.001533742,A
SK이노베이션,0.081695677,0.034811903,0.135176867,62.04941044,2553622,0,A
SK이노베이션(2021년),0.121546245,0.046439227,0.170839279,38.85899598,7516150,0,A+
SK이노베이션(2022년),0.216080937,0.038445154,0.17827476,39.91618743,4630458,0.000319489,A+
SK텔레콤,0.076966933,0.042949449,0.194412771,1946.579818,0,0,A
SK텔레콤(2021년),0.071306006,0.031267874,0.206291706,8277.042326,7988561,0,A+
SK텔레콤(2022년),0.10105382,0.021076402,0.208694016,7006.218856,11855476,0,A
SK하이닉스,0.053851324,0.022,0.371394005,121,3495093,0,A+
SK하이닉스(2021년),0.092537547,0.038000104,0.367568836,112,3415728,0,A+
SK하이닉스(2022년),0.097153388,0.024,0.362040196,112,3304859,0,A
강원랜드,0.000853242,0.025028441,0.298065984,35.1,8376849,0.002,A
강원랜드(2021년),0.001151742,0.018427872,0.300316729,15.9,6702563,0.0033,A
강원랜드(2022년),0.092281879,0.032718121,0.319071588,27.2,6274049,0.0061,A+
고려아연,0.046495489,0.027064539,0.039555864,57.1221374,4595420,0.012491326,C
고려아연(2021년),0.120978121,0.048906049,0.041827542,39.5997426,4366795,0.014157014,C
고려아연(2022년),0.173363949,0.062571757,0.053386912,48.55453502,5099311,0.013777268,A
금호석유화학,0.067657993,0.059479554,0.144237918,109.1881041,585874,0,A
금호석유화학(2021년),0.089221984,0.042826553,0.152748037,100.1613133,2261242,0,A
금호석유화학(2022년),0.088781831,0.0550585,0.15485203,67.34067447,1061941,0,A
깨끗한나라,0.108202443,0.05061082,0.143106457,13.44502618,432810,0.012216405,B+
깨끗한나라(2021년),0.119800333,0.074875208,0.151414309,13.09816972,397671,0.018302829,B
깨끗한나라(2022년),0.143556281,0.117455139,0.150081566,12.88091354,776509,0.016313214,B
넷마블,0.15625,0.157552083,0.3671875,13.29817708,4108073,0.001302083,B+
넷마블(2021년),0.263990268,0.155717762,0.343065693,10.94647202,2703163,0,B+
넷마블(2022년),0.266984505,0.182359952,0.353992849,10.57926103,3172825,0.001191895,B+
대웅바이오,0.19302776,0.057456424,0.116204003,14.05551969,622208,0,
대웅바이오(2021년),0.194011976,0.058682635,0.113772455,20.39760479,1375269,0.000598802,
대웅바이오(2022년),0.155437921,0.053897979,0.092877767,21.67179981,1037440,0,
대웅제약,0.250176678,0.062897527,0.286925795,22.04734982,681131,0.000706714,B+
대웅제약(2021년),0.27615894,0.064900662,0.304635762,16.70728477,1520993,0,B
대웅제약(2022년),0.293187348,0.068126521,0.321776156,15.99635036,1311314,0,A
대한항공,0.0077222,0.044240733,0.445645676,38.84475887,42222997,0.000946592,A+
대한항공(2021년),0.006491834,0.030501314,0.444381473,38.00937709,15817404,0.00082436,A+
대한항공(2022년),0.009351165,0.034322432,0.448490231,53.93845993,31480514,0.002403093,A
동국홀딩스,0.033426184,0.0146,0.044966176,13.54914445,127736,0.006366892,B+
동국홀딩스(2021년),0.069731204,0.0139,0.045968056,18.6918582,269186,0.009738995,B
동국홀딩스(2022년),0.050827423,0.0306,0.047281324,26.90425532,225374,0.00748621,B
두산에너빌리티,0.000776398,0.222437888,0.05628882,3.945458075,79581,0.002717391,A+
두산에너빌리티(2021년),0.015340364,0.041035475,0.053307766,8.433748802,90125,0.003259827,A
두산에너빌리티(2022년),0.029471733,0.033549583,0.055607044,8.619833179,100093,0.003336423,A
롯데렌탈,0.157984629,0.12382579,0.282664389,52.94876174,710504,0,
롯데렌탈(2021년),0.227748691,0.147469459,0.296684119,50.42757417,1182373,0,
롯데렌탈(2022년),0.264656616,0.115577889,0.323283082,51.61809045,1104690,0,
롯데쇼핑,0.011372515,0.100149319,0.677706398,12.26156784,765691,0.0015,A+
롯데쇼핑(2021년),0.032220677,0.141721372,0.675382476,24.61525267,687065,0.003,A+
롯데쇼핑(2022년),0.055611876,0.11592952,0.67337678,37.57986966,844267,0.0029,A+
롯데웰푸드,0.061520737,0.10921659,0.375806452,11.92718894,1315668,0.002764977,A+
롯데웰푸드(2021년),0.115658772,0.161876293,0.384686135,5.154748218,1380777,0.002989193,A
롯데웰푸드(2022년),0.148638705,0.147608536,0.40544518,3.723031641,1132009,0.002207506,A
롯데정밀화학,0.052690583,0.004,0.128923767,28.66143498,2396861,0.001121076,A+
롯데정밀화학(2021년),0.03986711,0.016,0.129568106,26.90919158,1953488,0.00110742,A+
롯데정밀화학(2022년),0.109225875,0.045,0.136797455,39.54825027,5349947,0.006362672,A+
롯데지주,0.271523179,0.463576159,0.218543046,0.98013245,172039735,0,A
롯데지주(2021년),0.378238342,0.165803109,0.238341969,0.730569948,65378238,0,A+
롯데지주(2022년),0.527210884,0.183673469,0.302721088,1.010204082,72292517,0,A+
롯데칠성음료,0.017140898,0.08,0.205519369,8.6,767741,0.002571135,A
롯데칠성음료(2021년),0.045831892,0.09,0.220166033,8.8,721031,0.005534417,A+
롯데칠성음료(2022년),0.05578371,0.13,0.219883641,24.1,827173,0.004277892,A
롯데케미칼,0.050079311,0.072966236,0.161341491,27,1926807,0.001133016,A
롯데케미칼(2021년),0.097814087,0.066239788,0.162066681,39,1777876,0.001324796,A+
롯데케미칼(2022년),0.099630996,0.084436727,0.167136965,61,2501628,0.000651183,A+
롯데하이마트,0.035249042,0.081736909,0.379054917,51.5,515964,0.000766284,A+
롯데하이마트(2021년),0.038630137,0.107945205,0.38,53.5,745205,0.000547945,A+
롯데하이마트(2022년),0.036358262,0.136860774,0.381022761,55.9,647354,0.000591191,A+
모나리자,0.121380846,0.094654788,0.25389755,3.252783964,3184855,0.006681514,B
모나리자(2021년),0.135044643,0.118303571,0.246651786,3.358258929,4709821,0.003348214,C
모나리자(2022년),0.152968037,0.105022831,0.239726027,3.315068493,4063927,0.010273973,C
보령,0.091715976,0.090976331,0.299556213,39.39792899,4097633,0,B
보령(2021년),0.179580014,0.083272991,0.291817524,39.43519189,4395366,0,A
보령(2022년),0.242012237,0.081577158,0.300475867,41.05098572,8409245,0.00067981,A
삼성바이오로직스,0.156618157,0.028066528,0.393277893,132.3426888,831601,0,A
삼성바이오로직스(2021년),0.272796161,0.03940389,0.394796666,128.5713564,2659763,0,A+
삼성바이오로직스(2022년),0.126434245,0.042365402,0.413062665,114.2451456,5553839,0,A+
삼성바이오에피스,0.141304348,0.077173913,0.483695652,122.473913,5543478,0,A
삼성바이오에피스(2021년),0.088648649,0.103783784,0.51027027,139.8054054,4454054,0,A+
삼성바이오에피스(2022년),0.096907217,0.043298969,0.510309278,153.3175258,7422680,0,A+
삼성생명,0.026969755,0.010595261,0.435946831,87.21691389,404546,0,A
삼성생명(2021년),0.039211899,0.012555534,0.437705235,57.3930848,1390767,0,A+
삼성생명(2022년),0.037874396,0.014492754,0.444251208,61.42415459,4301449,0,A+
삼성에스디에스,0.126874473,0.003748947,0.284161752,29.46743892,2595198,0.0000421,A+
삼성에스디에스(2021년),0.14831107,0.003914605,0.292384681,32.44820211,1464547,0,A+
삼성에스디에스(2022년),0.188633938,0.003811557,0.306258576,67.59635615,1586751,0,A+
삼성전기(2018년),0.175615035,0.271169887,0.073381903,95,815120,0,A+
삼성전기(2019년),0.252042961,0.194956806,0.079763017,61,1266344,0,A+
삼성전기,0.176394257,0.122390944,0.076642739,74,1680011,0,A+
삼성전기(2021년),0.175225129,0.145958405,0.075364494,62,1678012,0,A+
삼성전기(2022년),0.027829633,0.099428473,0.084005859,49,2634768,0,A+
삼성전자,0.12788454,0.177258087,0.37299813,55.8,1866110,0.0000008,A+
삼성전자(2021년),0.135120541,0.139860428,0.362998879,54.9,1499964,0.0000022,A+
삼성전자(2022년),0.141704762,0.128023612,0.350997884,60.1,1479443,0.0000031,A+
삼성중공업,0.007283027,0.029739025,0.038539349,45.24873559,1001416,0.23,B
삼성중공업(2021년),0.002155405,0.066386464,0.037504041,42.72141395,1002263,0.25,A
삼성중공업(2022년),0.002507123,0.07977208,0.036239316,54.4951567,1396011,0.3,B+
삼성화재해상보험,0.023028012,0.024230968,0.440969239,92.9,2474652,0.000171851,A
삼성화재해상보험(2021년),0.008677174,0.033114928,0.440410838,87.4,2218877,0.000531256,A+
삼성화재해상보험(2022년),0.023264137,0.034001432,0.44380816,71.40005369,2435576,0.000178955,A
삼양사,0.057906459,0.049740163,0.20861173,3.019450631,3414996,0.003711952,B+
삼양사(2021년),0.082956259,0.058069382,0.217948718,3.698340875,4992459,0.001508296,A
삼양사(2022년),0.166163142,0.104984894,0.239425982,4.422205438,1019637,0.001510574,A
삼양패키징,0.046218487,0.029411765,0.077731092,3.2,4088235,0,B+
삼양패키징(2021년),0.09202454,0.063394683,0.065439673,4,4331288,0.010224949,B+
삼양패키징(2022년),0.151696607,0.101796407,0.063872256,4.96007984,2039920,0.013972056,B+
삼양홀딩스,0.087301587,0.047619048,0.412698413,69.52380952,9523810,0,B+
삼양홀딩스(2021년),0.056133056,0.097713098,0.376299376,42.35135135,3118503,0,A
삼양홀딩스(2022년),0.09141791,0.13619403,0.354477612,37.63619403,1481343,0,A
신세계I&C,0.204767064,0.144095341,0.228602384,68.30119177,212351,0,B+
신세계I&C(2021년),0.317708333,0.118055556,0.254340278,68.78385417,267361,0,B+
신세계I&C(2022년),0.281994048,0.139136905,0.276785714,77.53125,238095,0,A
에스엘,0.097433568,0.040426982,0.144674086,86.34476493,2259141,0,B+
에스엘(2021년),0.072427229,0.047902819,0.138895256,93.85079074,898006,0,B+
에스엘(2022년),0.154466231,0.049019608,0.146405229,85.05599129,26144,0,B+
에스케이머티리얼즈에어플러스,0.115176152,0.044715447,0.123306233,48.40108401,2196477,0,
에스케이머티리얼즈에어플러스(2021년),0.14231738,0.055415617,0.12720403,201.9,2573048,0,
에스케이머티리얼즈에어플러스(2022년),0.143570537,0.031210986,0.109862672,100.5,3791511,0,
엔씨소프트,0.167336327,0.04443394,0.322618766,18.49799102,489246,0.000472701,B+
엔씨소프트(2021년),0.172249838,0.076291334,0.333477415,22.01210287,244219,0.000216123,A
엔씨소프트(2022년),0.157005838,0.107798165,0.34528774,30.78565471,437865,0.000208507,A
엔에이치엔,0.170494085,0.152400835,0.35908142,7.061238692,128740,0,B+
엔에이치엔(2021년),0.247237569,0.171270718,0.369475138,15.76588398,211326,0,A
엔에이치엔(2022년),0.249855072,0.112463768,0.373913043,15.77623188,185507,0,A
오뚜기,0.201280878,0.170173833,1.713632205,18,6181153,0,A
오뚜기(2021년),0.350496838,0.176151762,1.746160795,23.19963866,5795845,0.002710027,A+
오뚜기(2022년),0.30952381,0.251322751,1.759259259,31.69929453,8275132,0.000881834,B+
우리금융지주,0.058769809,0.073435402,0.506999731,11.97013161,10620467,0,B+
우리금융지주(2021년),0.080806973,0.096814868,0.507998465,12.05438298,10531221,0,A+
우리금융지주(2022년),0.07307714,0.091304103,0.509959935,12.23097455,12177642,0,A+
종근당홀딩스,0.133368201,0.144874477,0.300993724,35.65585774,836820,0,B+
종근당홀딩스(2021년),0.146424816,0.103312303,0.290746583,31.81177708,867508,0,A
종근당홀딩스(2022년),0.128161889,0.093029792,0.275997752,37.00660483,1152333,0,A
카카오,0.260133944,0.060274938,0.407120197,7.304194572,4175890,0.000352485,A+
카카오(2021년),0.286290323,0.095046083,0.436059908,28.37154378,2046371,0.000288018,A+
카카오(2022년),0.223019739,0.095616509,0.440399897,19.91976416,3039733,0.000256345,A
카카오뱅크,0.22923588,0.064230343,0.486157254,13.23366556,364341,0,
카카오뱅크(2021년),0.297455969,0.06555773,0.476516634,7.653620352,247554,0,
카카오뱅크(2022년),0.362193362,0.04978355,0.458874459,21.01226551,1844156,0,
카카오페이,0.352671756,0.135877863,0.377099237,13.21984733,0,0,
카카오페이(2021년),0.362255965,0.137744035,0.378524946,17.03796095,32538,0,
카카오페이(2022년),0.263913824,0.07540395,0.403949731,18.74057451,640036,0,
케이씨씨,0.024914089,0.079610538,0.104000573,37.20360825,544101,0.000572738,A
케이씨씨(2021년),0.069086651,0.106264637,0.103000585,30.3632904,1091920,0.00029274,A+
케이씨씨(2022년),0.109265734,0.099941725,0.101998834,35.31701632,728438,0.000874126,A
케이티,0.012015845,0.005985915,0.177640845,66.50892606,911092,0.001232394,A
케이티(2021년),0.016407004,0.010600211,0.183740062,67.23445471,505538,0.000965118,B+
케이티(2022년),0.032564252,0.014300039,0.193097741,85.55949182,759346,0.000584112,B+
코오롱인더,0.216254022,0.275982655,0.340467198,11.10127291,335711,0.00013988,B+
코오롱인더(2021년),0.315092166,0.324740783,0.340293779,10.66013825,172811,0.001008065,A
코오롱인더(2022년),0.490590067,0.456204896,0.328286402,12.07881704,155653,0.001839536,A
코웨이,0.303034995,0.05775782,0.455713843,15.05218334,77423,0.002322701,A+
코웨이(2021년),0.103405764,0.109878256,0.464632455,14.44906765,77053,0.034674064,A+
코웨이(2022년),0.066088841,0.070422535,0.455502244,20.46571738,0,0.041479647,A
태영건설,0.144818119,0.034001373,0.094028826,29,686342,0,B
태영건설(2021년),0.059792556,0.075003051,0.105552166,29,0,0,B
태영건설(2022년),0.057464789,0.104225352,0.109859155,29.40225352,40404,0,B
포스코인터네셔널,0.079029734,0.030516432,0.281690141,60.05399061,1330203,0,A+
포스코인터네셔널(2021년),0.07480315,0.04488189,0.292913386,41.81889764,1732283,0,A+
포스코인터네셔널(2022년),0.062754686,0.066829666,0.293398533,47.63651182,1792991,0.000814996,A+
포스코퓨처엠,0.14,0.084444444,0.059444444,62.59194444,1222222,0.000555556,A+
포스코퓨처엠(2021년),0.195061728,0.080987654,0.064691358,63.80493827,839506,0.000987654,A+
포스코퓨처엠(2022년),0.210750853,0.07337884,0.06612628,116.1924061,639932,0.001279863,A
한국콜마,0.105769231,0.153846154,0.378605769,12.90024038,503606,0,B+
한국콜마(2021년),0.295845998,0.113475177,0.402228977,28.80344478,717325,0,A
한국콜마(2022년),0.203389831,0.163509472,0.406779661,32.63509472,225324,0,B+
한국콜마홀딩스,0.039829303,0.13086771,0.63655761,3.861308677,298009,0.007112376,B
한국콜마홀딩스(2021년),0.178649237,0.203340595,0.625998548,9.184458969,514161,0.004357298,B+
한국콜마홀딩스(2022년),0.183055976,0.222390318,0.621028744,12.31618759,170953,0.006051437,B+
한국타이어앤테크놀로지,0.152237429,0.327848685,0.096999846,58.88706751,630478,0,A
한국타이어앤테크놀로지(2021년),0.225356431,0.40579488,0.10099954,108.0740763,1134447,0,A
한국타이어앤테크놀로지(2022년),0.288895443,0.400530895,0.10399941,93.32038047,648872,0,A
한국항공우주,0.08153998,0.061796644,0.068509378,21.19328727,197433,0,A+
한국항공우주(2021년),0.071513471,0.071513471,0.070324881,30.90491284,139263,0.000396197,A+
한국항공우주(2022년),0.099824184,0.086149639,0.078335612,26.2549326,126978,0,A
한미약품,0.11390785,0.074232082,0.288395904,1.232081911,127986,0.000853242,A+
한미약품(2021년),0.132630654,0.085638999,0.293368467,1.895476504,65876,0.000439174,A+
한미약품(2022년),0.1785404,0.087315378,0.28931364,3.060816681,86881,0,A+
한세실업,0.365716527,0.004641736,0.714696653,21.85888468,0,0.002778504,B
한세실업(2021년),0.31508856,0.005127181,0.701691304,17.40651219,0,0.003695565,B
한세실업(2022년),0.295948596,0.004923436,0.7128969,21.20907915,0,0.004464472,B+
한세엠케이,0.133928571,0.5,0.589285714,21.375,120536,0,C
한세엠케이(2021년),0.433884298,0.400826446,0.590909091,32.90082645,1334711,0,C
한세엠케이(2022년),0.25,0.270833333,0.643229167,26.73177083,28646,0,B
한세예스24홀딩스,0.111111111,0.185185185,0.62962963,22,0,0,B
한세예스24홀딩스(2021년),0.222222222,0.259259259,0.592592593,27,0,0,B
한세예스24홀딩스(2022년),0.083333333,0.458333333,0.583333333,48,0,0,B+
한온시스템,0.011850501,0.050136737,0.027803099,6.868277119,3691887,0.013673655,B
한온시스템(2021년),0.042410714,0.045089286,0.030357143,21.64642857,3928571,0.013839286,B+
한온시스템(2022년),0.05608322,0.064676617,0.032564451,28.68973315,4568069,0.012663953,A
한화(2019년),0.063089782,0.050148288,0.110002696,30.39687247,1186304,0,
한화,0.046511628,0.050308496,0.106786901,22.49905078,498339,0.000237304,A
한화(2021년),0.124406458,0.079297246,0.100664767,21.68589744,379867,0,A+
한화(2022년),0.171909884,0.062715649,0.086056424,21.98599553,649482,0.000202963,A+
한화생명 (장교빌딩),0.044384502,0.03899951,0.461745954,50.78175576,833742,0.001,A+
한화생명 (장교빌딩)(2021년),0.046939542,0.039763425,0.438978596,8.851671048,1276756,0.001,A+
한화생명 (장교빌딩)(2022년),0.096270929,0.131000761,0.45281583,50.64383562,3919330,0.0002,A+
한화생명(본사),0.044384502,0.03899951,0.461745954,50.78175576,833742,0.001,A+
한화생명(본사)(2021년),0.046939542,0.039763425,0.438978596,8.851671048,1276756,0.001,A+
한화생명(본사)(2022년),0.096270929,0.131000761,0.45281583,50.64383562,3919330,0.0002,A+
한화손해보험,0.027888446,0.132802125,0.58001328,10.37317397,127158,0.000332005,A
한화손해보험(2021년),0.080774366,0.087449933,0.579773031,10.78571429,89119,0.002670227,A+
한화손해보험(2022년),0.086101695,0.099661017,0.6,19.97322034,102712,0.001016949,A
한화솔루션,0.035371703,0.044364508,0.160371703,9.584682254,783124,0.00014988,A
한화솔루션(2021년),0.082703424,0.059137394,0.162590781,8.602489996,699274,0.00074107,A+
한화솔루션(2022년),0.167134209,0.067473793,0.177912299,16.43112358,1044294,0.000738225,A
한화시스템,0.049850989,0.046599837,0.141154159,18.28014088,28366296,0,
한화시스템(2021년),0.115492241,0.065377767,0.138641567,36.79165607,29839735,0,A
한화시스템(2022년),0.155405405,0.071062442,0.145619758,32.81197577,44641193,0,A+
한화투자증권,0.062218215,0.076645627,0.395852119,66.58791704,973850,0.001803427,A
한화투자증권(2021년),0.155458515,0.117030568,0.394759825,58.68995633,620087,0.000873362,A
한화투자증권(2022년),0.110729614,0.092703863,0.403433476,69.45150215,789700,0.000858369,A
현대건설,0.184953481,0.049887713,0.110202117,2.735162015,1058710,0.026146936,A
현대건설(2021년),0.195000801,0.042941836,0.111039897,29.92997917,2291299,0.045825989,A
현대건설(2022년),0.312104721,0.052360641,0.117811443,21.57067216,1323724,0.050595676,A
현대모비스,0.008708358,0.01604325,0.216130918,13.23635301,703945,0.000175336,A+
현대모비스(2021년),0.026348585,0.019613079,0.222865112,16.44403893,493146,0.000089,A+
현대모비스(2022년),0.03565283,0.027018868,0.238883019,25.1549283,565343,0.0000906,A+
현대백화점,0.104467585,0.080282163,0.565670138,17.60127645,1282163,0,A
현대백화점(2021년),0.162805663,0.081081081,0.576576577,24.77252252,1270270,0,A+
현대백화점(2022년),0.203464567,0.177637795,0.58015748,26.02425197,1277480,0,A
현대에버다임,0.248138958,0.081885856,0.069478908,20,1233251,0,B+
현대에버다임(2021년),0.343629344,0.121621622,0.063706564,21,1154440,0,A
현대에버다임(2022년),0.225524476,0.131118881,0.071678322,23,1722028,0,A
현대오토에버,0.133624454,0.041371179,0.184716157,38.39737991,331004,0.000436681,A
현대오토에버(2021년),0.172048847,0.06841791,0.209226594,61.31343284,271370,0,A+
현대오토에버(2022년),0.201572552,0.078317846,0.227543483,62.44126757,381225,0.000476531,A
현대위아,0.013482407,0.020059191,0.027951332,22.57579744,361723,0.002301874,A+
현대위아(2021년),0.007240415,0.011025177,0.064176403,12.12275794,145796,0.001480994,A+
현대위아(2022년),0.01707812,0.015049036,0.066790666,17.13831586,160298,0.000845451,A
현대자동차,0.098250486,0.041002499,0.055623438,19.8,2776132,0.005109692,A+
현대자동차(2021년),0.103316045,0.060003311,0.059051534,27.9,2136628,0.006000331,A
현대자동차(2022년),0.110443818,0.054704416,0.062943444,34.3,2550544,0.006918059,B+
현대제철(2019년),0.034676583,0.03692494,0.034763058,27.79081633,99610861,0,
현대제철(2020년),0.02945253,0.031964657,0.03508316,17.24229037,91311504,0.0000866,B
현대제철(2021년),0.053135055,0.038003305,0.034437777,26.76493608,103200278,0.000087,B+
현대제철(2022년),0.064613267,0.038028048,0.037683903,34.73827755,129570679,0.000086,A
효성,0.377040161,0.192737942,0.277828718,41,132037,0,A+
효성(2021년),0.377040161,0.192737942,0.277828718,41,132037,0,A+
효성(2022년),0.377040161,0.192737942,0.277828718,41,132037,0,A+
효성중공업,0.22561368,0.268272502,0.267261193,41,111796,0,A+
효성중공업(2021년),0.294009662,0.24705314,0.267246377,41,131594,0.0000966,A+
효성중공업(2022년),0.33971976,0.224478124,0.260604328,41,96654,0,A+
효성첨단소재,0.068,0.05,0.097,32.463,497000,0,A+
효성첨단소재(2021년),0.068062827,0.046073298,0.102617801,23.58219895,518325,0,A+
효성첨단소재(2022년),0.072555205,0.048370137,0.103049422,37.3701367,830705,0,A+
효성티앤씨,0.070680628,0.051701571,0.193717277,27.18259162,382853,0.00065445,A+
효성티앤씨(2021년),0.089273818,0.078614257,0.181212525,39.71285809,275150,0.003997335,A+
효성티앤씨(2022년),0.142160279,0.110801394,0.203484321,40.37142857,547038,0.002090592,A+
효성화학,0.058326289,0.042265427,0.112426036,23.33558749,406593,0.005071851,A+
효성화학(2021년),0.109645507,0.056883759,0.106347898,25.25803792,352020,0.004122012,A+
효성화학(2022년),0.132075472,0.06918239,0.119496855,34.22641509,386792,0.003144654,A+
휠라코리아,0.084942085,0.05019305,0.455598456,6.451737452,1930502,0,
휠라코리아(2021년),0.149425287,0.099616858,0.482758621,3.915708812,13026820,0,
휠라코리아(2022년),0.231617647,0.25,0.503676471,7.709558824,4044118,0,
휠라홀딩스,0.163934426,0.098360656,0.37704918,5.721311475,0,0,B+
휠라홀딩스(2021년),0.161764706,0.058823529,0.426470588,3.808823529,0,0,A+
휠라홀딩스(2022년),0.096153846,0.480769231,0.326923077,24.92307692,0,0,A
휴메딕스,0.254545455,0.113636364,0.259090909,2.522727273,45455,0,
휴메딕스(2021년),0.172727273,0.140909091,0.263636364,2.404545455,372727,0,A
휴메딕스(2022년),0.346863469,0.188191882,0.306273063,2.387453875,188192,0,B+
휴온스,0.25,0.176553672,0.381355932,58.85734463,183616,0,
휴온스(2021년),0.20576671,0.128440367,0.369593709,107.9685452,559633,0,A
휴온스(2022년),0.276829268,0.163414634,0.375609756,24.83658537,219512,0,B+
두산,0.050251256,0.09321608,0.038944724,14.10201005,445226,0.0027,A+
두산(2021년),0.145818442,0.083273767,0.018942102,20.47712652,271623,0.0019,A+
두산(2022년),0.925833035,0.104621999,0.020422788,17.98817628,151917,0.0019,A
현대로템,0.070116861,0.094045632,0.052309405,45.99443517,65109,0.009460211,A
현대로템(2021년),0.132085856,0.128783709,0.051183269,50.56631811,150248,0.007705008,A+
현대로템(2022년),0.15869906,0.115203762,0.047413793,37.09443574,195533,0.002351097,A+
교보증권,0.105802048,0.092150171,0.585324232,82.04266212,877133,0,B+
교보증권(2021년),0.199372057,0.10989011,0.568288854,64.07535322,598116,0,B+
교보증권(2022년),0.145929339,0.113671275,0.560675883,97.49155146,285714,0,B+
세방,0.065826331,0.037815126,0.099439776,24.68207283,280112,0.022408964,B+
세방(2021년),0.087267525,0.032904149,0.091559371,20.53075823,143062,0.031473534,D
세방(2022년),0.228682171,0.052971576,0.089147287,23.2751938,258398,0.033591731,C
풍산(2022년),0.048065651,0.096717468,0.057737397,17.71248535,208089,0,B+
기아,0.012010488,0.019989286,0.035495785,102.9676619,671008,0.008345316,A+
기아(2021년),0.008543358,0.028819593,0.037476862,78.67945323,700555,0.008571835,A+
기아(2022년),0.016923815,0.029532057,0.040053028,101.813838,518997,0.011508194,A
유니드,0.043280182,0.054669704,0.095,23.20273349,398998,0,B
유니드(2021년),0.076923077,0.058823529,0.087,25.3800905,537285,0,B+
유니드(2022년),0.202643172,0.044052863,0.133,38.44933921,1178855,0,B+
다올투자증권,0.23573201,0.53101737,0.183622829,33.75186104,248139,0,
다올투자증권(2021년),0.340757238,0.543429844,0.23830735,34.65256125,1189310,0,A
다올투자증권(2022년),0.304780876,0.521912351,0.199203187,35.26494024,934263,0,B
키움증권,0.200463499,0.134414832,0.482039397,43.92815759,311703,0.001158749,
키움증권(2021년),0.239539749,0.148535565,0.491631799,46.68723849,580544,0,A
키움증권(2022년),0.151679307,0.184182015,0.481040087,42.8028169,534128,0,C
현대차증권,0.041835358,0.068825911,0.32388664,48.74035088,975709,0.001349528,
현대차증권(2021년),0.041666667,0.087239583,0.330729167,34.05559896,1057292,0,A+
현대차증권(2022년),0.032926829,0.056097561,0.319512195,46.58195122,1247561,0,A+
다우기술,0.166666667,0.088888889,0.335185185,21,159259,0,
다우기술(2021년),0.163120567,0.113475177,0.317375887,22,375887,0,A
다우기술(2022년),0.214285714,0.119601329,0.303986711,23,539867,0,A
SK디스커버리,0.114285714,0,0.2,20,68571429,0,
SK디스커버리(2021년),0.209302326,0,0.209302326,20,55813953,0,A+
SK디스커버리(2022년),0.253731343,0.044776119,0.223880597,20,35820896,0,A+
HMM,0.100152905,0.085372069,0.371559633,51.18832824,10703,0,
HMM(2021년),0.121094696,0.099055461,0.359409058,29.06878179,23008,0,A+
HMM(2022년),0.123084178,0.105871257,0.352275407,33.71846263,211412,0,A
삼성엔지니어링,0.028690229,0.035966736,0.117463617,35.0966736,534927,0,
삼성엔지니어링(2021년),0.016234451,0.025932954,0.116382037,28.18933165,947291,0,A+
삼성엔지니어링(2022년),0.020934659,0.042926623,0.115880736,20.49376189,873969,0,A+
SK바이오팜,0.365,0.445,0.465,30,150000,0,B
SK바이오팜(2021년),0.240816327,0.048979592,0.502040816,47.7,186531,0,A
SK바이오팜(2022년),0.19047619,0.084249084,0.487179487,29.3003663,608059,0,A
신한지주,0.02571644,0.0260181,0.440007541,70.89868024,7616893,0,A+
신한지주(2020년),0.032545062,0.048990911,0.443768295,79.49807426,6740102,0,A+
신한지주(2021년),0.073422415,0.047012733,0.467748706,72.7574157,6191409,0,A+
현대글로비스,0.080689655,0.025517241,0.134482759,36.37034483,172414,0.000689655,A+
현대글로비스(2020년),0.157282742,0.045899633,0.166462668,36.80416157,214198,0,A+
현대글로비스(2021년),0.185245902,0.072131148,0.179781421,41.0136612,251366,0,A+
